USE GymDW

INSERT INTO [Date]
VALUES
    ('2018-02-22', 2018, 2, 22, 'Thursday', 'Winter', NULL, 'February', 8, 4),
    ('2018-03-20', 2018, 3, 20, 'Tuesday', 'Winter', NULL, 'March', 11, 2),
    ('2021-08-13', 2021, 8, 13, 'Friday', 'Summer', NULL, 'August', 32, 5),
    ('2019-07-06', 2019, 7, 6, 'Saturday', 'Summer', NULL, 'July', 27, 6),
    ('2020-05-22', 2020, 5, 22, 'Friday', 'Spring', NULL, 'May', 20, 5);

INSERT INTO Junk
VALUES
    (2, 'low'),
    (3, 'medium'),
    (4, 'high'),
    (1, 'very low'),
    (5, 'very high');
    

INSERT INTO [Time]
VALUES
    ('11:00', 11, 0, 'morning'),
    ('12:30', 12, 30, 'afternoon'),
    ('14:30', 14, 30, 'afternoon'),
    ('15:30', 15, 30, 'afternoon'),
    ('19:00', 19, 0, 'evening');


INSERT INTO SessionTopics
VALUES
    ('Individual', 'Cardio Boost'),
    ('Individual', 'Strength Boost'),
    ('Group', 'Aerobic'),
    ('Group', 'Slim thighs'),
    ('Group', 'Zumba classes');


INSERT INTO GymWorkers
VALUES
    ('low salary', 'receptionist', 'marketing', 'Natalia Przyborska', 'female'),
    ('medium salary', 'trainer', 'cardio', 'Tomasz Kuczyński', 'male'),
    ('medium salary', 'trainer', 'strength training', 'Michał Rejmak', 'male'),
    ('high salary', 'trainer', 'dietetics', 'Maciej Świetlik', 'unknown'),
    ('high salary', 'trainer', 'cardio', 'Jakub Sochacki', 'male');


INSERT INTO Customers
VALUES
    ('Is club member', 'Barbara Borkowska', 'female', 1, 1),
    ('Is not club member', 'Marta Frąckowiak', 'female', 2, 1),
    ('Is club member', 'Michał Kałużny', 'male', 3, 1),
    ('Is not club member', 'Szymon Sadłowski', 'male', 4, 1),
    ('Is club member', 'Monika Sokołowska', 'unknown', 5, 1),
    ('Is not club member', 'Barbara Borkowska', 'female', 1, 0),
    ('Is club member', 'Marta Frąckowiak', 'female', 2, 0);


INSERT INTO TrainingSessions
VALUES
    ('2018-02-22', '12:30', 1, 2, 1, 1, 40.99),
    ('2018-03-20', '12:30', 2, 3, 1, 0, 50.99),
    ('2021-08-13', '14:30', 3, 4, 15, 13, 60.99),
    ('2021-08-13', '12:30', 4, 5, 10, 8, 70.99),
    ('2018-03-20', '14:30', 5, 4, 15, 13, 50.99),
    ('2019-07-06', '15:30', 3, 3, 15, 13, 40.99),
    ('2018-02-22', '12:30', 5, 4, 10, 8, 40.99),
    ('2019-07-06', '15:30', 2, 2, 1, 0, 70.99),
    ('2021-08-13', '19:00', 4, 5, 10, 8, 60.99),
    ('2020-05-22', '15:30', 2, 3, 1, 0, 50.99),
    ('2018-02-22', '14:30', 3, 2, 15, 13, 40.99),
    ('2018-03-20', '14:30', 1, 4, 1, 0, 70.99),
    ('2020-05-22', '19:00', 4, 2, 10, 8, 70.99),
    ('2020-05-22', '15:30', 5, 2, 15, 13, 60.99),
    ('2019-07-06', '19:00', 3, 5, 10, 8, 60.99);
    

INSERT INTO Reservations
VALUES
    ('2018-02-22', '11:00', 1, 1, 1, 2, '73052569146', 20, 5, 2, 3, 1, 6),
    ('2018-02-22', '12:30', 2, 2, 1, 4, '73062249416', 21, 3, 4, 2, 5, 7.5),
    ('2021-08-13', '11:00', 3, 3, 1, 5, '64042554268', 22, 3, 2, 4, 5, 9),
    ('2021-08-13', '12:30', 4, 4, 1, 1, '55092299113', 23, 5, 2, 3, 4, 6),
    ('2018-03-20', '11:00', 5, 5, 1, 3, '66102385465', 24, 4, 2, 4, 5, 9),
    ('2019-07-06', '14:30', 6, 6, 1, 5, '73052569146', 20, 2, 5, 3, 5, 7.5),
    ('2018-02-22', '11:00', 7, 7, 1, 2, '73062249416', 21, 1, 5, 3, 4, 10.5),
    ('2019-07-06', '12:30', 8, 1, 1, 3, '73052569146', 20, 5, 2, 2, 4, 6),
    ('2021-08-13', '15:30', 9, 2, 1, 1, '73062249416', 21, 2, 1, 4, 5, 10.5),
    ('2020-05-22', '14:30', 10, 3, 1, 4, '64042554268', 22, 5, 2, 1, 3, 7.5),
    ('2018-02-22', '12:30', 11, 4, 1, 5, '55092299113', 23, 2, 2, 3, 2, 10.5),
    ('2018-03-20', '12:30', 12, 5, 1, 2, '66102385465', 24, 5, 4, 1, 4, 6),
    ('2020-05-22', '15:30', 13, 1, 1, 3, '73052569146', 20, 2, 4, 4, 2, 10.5),
    ('2020-05-22', '14:30', 14, 2, 1, 3, '73062249416', 21, 4, 5, 5, 5, 7.5),
    ('2019-07-06', '15:30', 15, 3, 1, 3, '64042554268', 22, 1, 2, 3, 4, 9),
    ('2021-08-13', '12:30', 3, 4, 1, 2, '55092299113', 23, 1, 4, 5, 5, 10.5),
    ('2021-08-13', '11:00', 4, 5, 1, 1, '66102385465', 24, 3, 4, 2, 2, 6),
    ('2018-03-20', '12:30', 5, 1, 1, 4, '73052569146', 20, 5, 5, 5, 5, 9),
    ('2019-07-06', '12:30', 6, 2, 1, 5, '73062249416', 21, 2, 3, 4, 5, 10.5),
    ('2018-02-22', '11:00', 7, 3, 1, 2, '64042554268', 22, 1, 1, 1, 1, 6),
    ('2021-08-13', '15:30', 9, 4, 1, 3, '55092299113', 23, 3, 4, 5, 2, 10.5),
    ('2018-02-22', '12:30', 11, 5, 1, 1, '66102385465', 24, 4, 2, 1, 4, 7.5),
    ('2020-05-22', '15:30', 13, 6, 1, 4, '73052569146', 20, 4, 2, 1, 1, 10.5),
    ('2020-05-22', '14:30', 14, 7, 1, 5, '73062249416', 21, 5, 1, 3, 2, 9),
    ('2019-07-06', '15:30', 15, 3, 1, 5, '64042554268', 22, 2, 3, 4, 5, 6);
    